<?xml version="1.0"?>
<metadata xml:lang="en"><Esri><CreaDate>20180725</CreaDate><CreaTime>09250500</CreaTime><ArcGISFormat>1.0</ArcGISFormat><ArcGISstyle>North American Profile of ISO19115 2003</ArcGISstyle><SyncOnce>TRUE</SyncOnce><ModDate>20180731</ModDate><ModTime>12501100</ModTime><scaleRange><minScale>150000000</minScale><maxScale>5000</maxScale></scaleRange></Esri><tool name="Building_Extractor" displayname="Building Object Extractor" toolboxalias="ArcGIS Building Toolbox" xmlns=""><arcToolboxHelpPath>c:\program files\arcgis\pro\Resources\Help\gp</arcToolboxHelpPath><parameters><param name="lasdir" displayname="LAS Input Directory" type="Required" direction="Input" datatype="Folder" expression="lasdir"><dialogReference>&lt;DIV STYLE="text-align:Left;"&gt;&lt;DIV&gt;&lt;DIV&gt;&lt;P&gt;&lt;SPAN&gt;The directory where the LAS 1.4 tiles are located.&lt;/SPAN&gt;&lt;/P&gt;&lt;/DIV&gt;&lt;/DIV&gt;&lt;/DIV&gt;</dialogReference></param><param name="demdir" displayname="DEM Input Direcotry" type="Required" direction="Input" datatype="Folder" expression="demdir"><dialogReference>&lt;DIV STYLE="text-align:Left;"&gt;&lt;DIV&gt;&lt;DIV&gt;&lt;P&gt;&lt;SPAN&gt;The directory where the bare earth Digital Elevation Model (DEM) tiles are located.  These can be as Imagine .img, TIFF, ESRI Grid format.  They should share the same naming convention as the LAS tiles.&lt;/SPAN&gt;&lt;/P&gt;&lt;/DIV&gt;&lt;/DIV&gt;&lt;/DIV&gt;</dialogReference></param><param name="outputdir" displayname="Output Directory" type="Required" direction="Input" datatype="Folder" expression="outputdir"><dialogReference>&lt;DIV STYLE="text-align:Left;"&gt;&lt;DIV&gt;&lt;DIV&gt;&lt;P&gt;&lt;SPAN&gt;The directory where the output raster building objects will be placed.&lt;/SPAN&gt;&lt;/P&gt;&lt;/DIV&gt;&lt;/DIV&gt;&lt;/DIV&gt;</dialogReference></param><param name="spectral_detail" displayname="Spectral Detail" type="Required" direction="Input" datatype="Double" expression="spectral_detail"><dialogReference>&lt;DIV STYLE="text-align:Left;"&gt;&lt;DIV&gt;&lt;DIV&gt;&lt;P&gt;&lt;SPAN&gt;Sets the level of importance given to the spectral differences of features in the imagery.  Valid values range from 1.0 to 20.0.  A higher value is appropriate when the features are spectrally similar.  Smaller values create smoother outputs. If the output scene is too generalized, then raise the value.  If it is too segmented then lower the value.&lt;/SPAN&gt;&lt;/P&gt;&lt;/DIV&gt;&lt;/DIV&gt;&lt;/DIV&gt;</dialogReference></param><param name="spatial_detail" displayname="Spatial Detail" type="Required" direction="Input" datatype="Long" expression="spatial_detail"><dialogReference>&lt;DIV STYLE="text-align:Left;"&gt;&lt;DIV&gt;&lt;DIV&gt;&lt;P&gt;&lt;SPAN&gt;Sets the level of importance given to the proximity between features in the imagery.  Valid values range from 1.0 to 20.0.  A higher value is appropriate when the features are spatially interrelated.  Smaller values create smoother outputs. If the output scene is too generalized, then raise the value.  If it is too segmented then lower the value.&lt;/SPAN&gt;&lt;/P&gt;&lt;/DIV&gt;&lt;/DIV&gt;&lt;/DIV&gt;</dialogReference></param><param name="min_segment_size" displayname="Min Segment Size" type="Required" direction="Input" datatype="Long" expression="min_segment_size"><dialogReference>&lt;DIV STYLE="text-align:Left;"&gt;&lt;DIV&gt;&lt;DIV&gt;&lt;P&gt;&lt;SPAN&gt;The minimum size in grid cells that will be considered an object.&lt;/SPAN&gt;&lt;/P&gt;&lt;/DIV&gt;&lt;/DIV&gt;&lt;/DIV&gt;</dialogReference></param><param name="height" displayname="Any value less than or equal to this will be converted to 0" type="Required" direction="Input" datatype="Double" expression="height"><dialogReference>&lt;DIV STYLE="text-align:Left;"&gt;&lt;DIV&gt;&lt;DIV&gt;&lt;P&gt;&lt;SPAN&gt;The minimum height fo a grid cell in Z-values that is to be considered the roof height of a building.  For example, with a value of 2 for elevation measured in meters, then any grid cell with a value less than 2 meters height will be turned to NoData.&lt;/SPAN&gt;&lt;/P&gt;&lt;/DIV&gt;&lt;/DIV&gt;&lt;/DIV&gt;</dialogReference></param><param name="lidarvalue" displayname="The lidar data that will be used to generate the raster output." type="Required" direction="Input" datatype="String" expression="ELEVATION | INTENSITY"><dialogReference>&lt;DIV STYLE="text-align:Left;"&gt;&lt;DIV&gt;&lt;DIV&gt;&lt;P&gt;&lt;SPAN&gt;The LiDAR data that will be used to create the Digital Surface Model (DSM).&lt;/SPAN&gt;&lt;/P&gt;&lt;UL&gt;&lt;LI&gt;&lt;P&gt;&lt;SPAN&gt;ELEVATION (default) - Elevation from the LiDAR files will be used to create the DSM.&lt;/SPAN&gt;&lt;/P&gt;&lt;/LI&gt;&lt;LI&gt;&lt;P&gt;&lt;SPAN&gt;INTENSITY - Intensity information from the LiDAR files will be used to create the raster.&lt;/SPAN&gt;&lt;/P&gt;&lt;/LI&gt;&lt;LI&gt;&lt;P&gt;&lt;SPAN&gt;RGB - RGB values from the LiDAR points will be used to create 3-band imagery.&lt;/SPAN&gt;&lt;/P&gt;&lt;/LI&gt;&lt;/UL&gt;&lt;/DIV&gt;&lt;/DIV&gt;&lt;/DIV&gt;</dialogReference></param><param name="binningmethod" displayname="Binning Method : BINNING &lt;cell_assignment_type&gt; &lt;void_fill_method&gt;" type="Required" direction="Input" datatype="String" expression="BINNING MINIMUM NONE | BINNING AVERAGE NONE | BINNING AVERAGE SIMPLE | BINNING AVERAGE LINEAR | BINNING AVERAGE NATURAL_NEIGHBOR | BINNING MINIMUM SIMPLE | BINNING MINIMUM LINEAR | BINNING MINIMUM NATURAL_NEIGHBOR | BINNING MAXIMUM NONE | BINNING MAXIMUM SIMPLE | BINNING MAXIMUM LINEAR | BINNING MAXIMUM NATURAL_NEIGHBOR | BINNING IDW NONE | BINNING IDW SIMPLE | BINNING IDW LINEAR | BINNING IDW NATURAL_NEIGHBOR | BINNING NEAREST NONE | BINNING NEAREST SIMPLE | BINNING NEAREST LINEAR | BINNING NEAREST NATURAL_NEIGHBOR"><dialogReference>&lt;DIV STYLE="text-align:Left;"&gt;&lt;DIV&gt;&lt;P&gt;&lt;SPAN&gt;The interpolation technique that will be used to determine the cell values of the output Digital Surface Model (DSM).  The binning approach provides a Cell Assignment Method for determining each output cell using the points that fall within its extent, along with a Void Fill Method to determine the value of cells that do not contain any LAS points.&lt;/SPAN&gt;&lt;/P&gt;&lt;UL&gt;&lt;LI&gt;&lt;P&gt;&lt;SPAN&gt;MINIMUM (default) - Assigns the minimum value found in the points within the cell.&lt;/SPAN&gt;&lt;/P&gt;&lt;/LI&gt;&lt;LI&gt;&lt;P&gt;&lt;SPAN&gt;AVERAGE - Assigns the average value of all points in the cell.&lt;/SPAN&gt;&lt;/P&gt;&lt;/LI&gt;&lt;LI&gt;&lt;P&gt;&lt;SPAN&gt;MAXIMUM - Assigns the maximum values found in the poits within the cell.&lt;/SPAN&gt;&lt;/P&gt;&lt;/LI&gt;&lt;LI&gt;&lt;P&gt;&lt;SPAN&gt;IDW - Uses Inverse Distance Weighted interpolation to determine the cell value.&lt;/SPAN&gt;&lt;/P&gt;&lt;/LI&gt;&lt;LI&gt;&lt;P&gt;&lt;SPAN&gt;NEAREST - Uses Nearest Neighbor assignment to determine the cell value.&lt;/SPAN&gt;&lt;/P&gt;&lt;/LI&gt;&lt;/UL&gt;&lt;P&gt;&lt;SPAN&gt;Void Fill Methods&lt;/SPAN&gt;&lt;/P&gt;&lt;UL&gt;&lt;LI&gt;&lt;P&gt;&lt;SPAN&gt;NONE (default) - NoData is assigned to the cell.&lt;/SPAN&gt;&lt;/P&gt;&lt;/LI&gt;&lt;LI&gt;&lt;P&gt;&lt;SPAN&gt;SIMPLE - Averages the values from data cells immediately surroung a NoData cell to eliminate small voids.&lt;/SPAN&gt;&lt;/P&gt;&lt;/LI&gt;&lt;LI&gt;&lt;P&gt;&lt;SPAN&gt;LINEAR - Trinagulates across void areas and uses linear interpolation on the triangulated value to determine the cell value.&lt;/SPAN&gt;&lt;/P&gt;&lt;/LI&gt;&lt;LI&gt;&lt;P&gt;&lt;SPAN&gt;NATURAL NEIGHBORS - Uses natural neighbor interpolation to determine the cell value.&lt;/SPAN&gt;&lt;/P&gt;&lt;/LI&gt;&lt;/UL&gt;&lt;/DIV&gt;&lt;/DIV&gt;</dialogReference></param><param name="rasterouttype" displayname="The raster output value type." type="Required" direction="Input" datatype="String" expression="FLOAT | INT"><dialogReference>&lt;DIV STYLE="text-align:Left;"&gt;&lt;DIV&gt;&lt;P&gt;&lt;SPAN&gt;The data type of the output Digital Surface Model (DSM).&lt;/SPAN&gt;&lt;/P&gt;&lt;UL&gt;&lt;LI&gt;&lt;P&gt;&lt;SPAN&gt;FLOAT (default) - Output DSM will be a 32-bit floating point, which supports values ranging form -3.402823466e+38 to 3.402823466e+38.  This preserves the original Z-value level of detail.&lt;/SPAN&gt;&lt;/P&gt;&lt;/LI&gt;&lt;LI&gt;&lt;P&gt;&lt;SPAN&gt;INT -  Output DSM will use an appropriate integer bit depth.  This option will round Z-values to the nearest whole number and write an integer to each raster cell value.&lt;/SPAN&gt;&lt;/P&gt;&lt;/LI&gt;&lt;/UL&gt;&lt;/DIV&gt;&lt;/DIV&gt;</dialogReference></param><param name="samplingtype" displayname="method used for interpreting the Sampling Value" type="Required" direction="Input" datatype="String" expression="CELLSIZE | OBSERVATIONS"><dialogReference>&lt;DIV STYLE="text-align:Left;"&gt;&lt;DIV&gt;&lt;P&gt;&lt;SPAN&gt;Specifies the method used for interpreting the Sampling Value to define the resolution of the output Digital Surface Model (DSM).&lt;/SPAN&gt;&lt;/P&gt;&lt;UL&gt;&lt;LI&gt;&lt;P&gt;&lt;SPAN&gt;CELLSIZE (default) - Defines the cell size of the output DSM.&lt;/SPAN&gt;&lt;/P&gt;&lt;/LI&gt;&lt;LI&gt;&lt;P&gt;&lt;SPAN&gt;OBSERVATIONS - Defines the number of cells that are to be used to determine the value of the grid cell.&lt;/SPAN&gt;&lt;/P&gt;&lt;/LI&gt;&lt;/UL&gt;&lt;/DIV&gt;&lt;/DIV&gt;</dialogReference></param><param name="samplingvalue" displayname="samplingvalue" type="Required" direction="Input" datatype="Double" expression="samplingvalue"><dialogReference>&lt;DIV STYLE="text-align:Left;"&gt;&lt;DIV&gt;&lt;P&gt;&lt;SPAN&gt;Specifies the value used in conjunction with the Sampling Type to define the resolution of the output Digtial Surface Model (DSM).  This is in map unit distance values.  For example, a value of 1 for a data set defined in meters will create an output DSM spatial resolution of 1 meter.&lt;/SPAN&gt;&lt;/P&gt;&lt;/DIV&gt;&lt;/DIV&gt;</dialogReference></param></parameters></tool><dataIdInfo><idCitation><resTitle>Building Object Extractor</resTitle></idCitation><searchKeys><keyword>Building footprints</keyword><keyword>LAS 1.4</keyword><keyword>LiDAR</keyword><keyword>DEM</keyword></searchKeys></dataIdInfo><distInfo><distributor><distorFormat><formatName>ArcToolbox Tool</formatName></distorFormat></distributor></distInfo><mdHrLv><ScopeCd value="005"/></mdHrLv><mdDateSt Sync="TRUE">20180731</mdDateSt></metadata>
