<?xml version="1.0"?>
<metadata xml:lang="en"><Esri><CreaDate>20180725</CreaDate><CreaTime>09250500</CreaTime><ArcGISFormat>1.0</ArcGISFormat><ArcGISstyle>North American Profile of ISO19115 2003</ArcGISstyle><SyncOnce>TRUE</SyncOnce><ModDate>20180731</ModDate><ModTime>13013100</ModTime><scaleRange><minScale>150000000</minScale><maxScale>5000</maxScale></scaleRange></Esri><tool name="NDVIBuilding_Filter" displayname="NDVI Building Filter" toolboxalias="ArcGIS Building Toolbox" xmlns=""><arcToolboxHelpPath>c:\program files\arcgis\pro\Resources\Help\gp</arcToolboxHelpPath><parameters><param name="inputdir" displayname="Input Directory" type="Required" direction="Input" datatype="Folder" expression="inputdir"/><param name="outputdir" displayname="Output Directory" type="Required" direction="Input" datatype="Folder" expression="outputdir"/><param name="threshold" displayname="Threshold" type="Required" direction="Input" datatype="Double" expression="threshold"/><param name="spectral_detail" displayname="Spectral Detail" type="Required" direction="Input" datatype="Double" expression="spectral_detail"><dialogReference>&lt;DIV STYLE="text-align:Left;"&gt;&lt;DIV&gt;&lt;DIV&gt;&lt;P&gt;&lt;SPAN&gt;Sets the level of importance given to the spectral differences of features in the imagery.  Valid values range from 1.0 to 20.0.  A higher value is appropriate when the features are spectrally similar.  Smaller values create smoother outputs. If the output scene is too generalized, then raise the value.  If it is too segmented then lower the value.&lt;/SPAN&gt;&lt;/P&gt;&lt;/DIV&gt;&lt;/DIV&gt;&lt;/DIV&gt;</dialogReference></param><param name="spatial_detail" displayname="Spatial Detail" type="Required" direction="Input" datatype="Long" expression="spatial_detail"><dialogReference>&lt;DIV STYLE="text-align:Left;"&gt;&lt;DIV&gt;&lt;DIV&gt;&lt;P&gt;&lt;SPAN&gt;Sets the level of importance given to the proximity between features in the imagery.  Valid values range from 1.0 to 20.0.  A higher value is appropriate when the features are spatially interrelated.  Smaller values create smoother outputs. If the output scene is too generalized, then raise the value.  If it is too segmented then lower the value.&lt;/SPAN&gt;&lt;/P&gt;&lt;/DIV&gt;&lt;/DIV&gt;&lt;/DIV&gt;</dialogReference></param><param name="min_segment_size" displayname="Min Segment Size" type="Required" direction="Input" datatype="Long" expression="min_segment_size"><dialogReference>&lt;DIV STYLE="text-align:Left;"&gt;&lt;DIV&gt;&lt;P&gt;&lt;SPAN&gt;The minimum size in grid cells that will be considered an object.&lt;/SPAN&gt;&lt;/P&gt;&lt;/DIV&gt;&lt;/DIV&gt;</dialogReference></param><param name="ndvifile" displayname="NDVI File" type="Required" direction="Input" datatype="File" expression="ndvifile"><dialogReference>&lt;DIV STYLE="text-align:Left;"&gt;&lt;DIV&gt;&lt;P&gt;&lt;SPAN&gt;The Normalized Difference Vegetation Image (NDVI) created from similar spatial resolution imagery to filter out raster objects which actually may be vegetation.  This should be in Imagine .img format.&lt;/SPAN&gt;&lt;/P&gt;&lt;/DIV&gt;&lt;/DIV&gt;</dialogReference></param><param name="ndvithreshold" displayname=" NDVI Threshold" type="Required" direction="Input" datatype="Double" expression="ndvithreshold"><dialogReference>&lt;DIV STYLE="text-align:Left;"&gt;&lt;DIV&gt;&lt;P&gt;&lt;SPAN&gt;The value of the Normalized Difference Vegetation Index (NDVI) above which will be considered vegetation and assigned to NoData.&lt;/SPAN&gt;&lt;/P&gt;&lt;/DIV&gt;&lt;/DIV&gt;</dialogReference></param><param name="regularizationmethod" displayname="Regularization Method" type="Required" direction="Input" datatype="String" expression="RIGHT_ANGLES | RIGHT_ANGLES_AND_DIAGONALS | ANY_ANGLE | CIRCLE"/><param name="tolerance" displayname="Tolerance" type="Required" direction="Input" datatype="Double" expression="tolerance"/><param name="densification" displayname="Densification" type="Required" direction="Input" datatype="Double" expression="densification"/><param name="shapearea" displayname="Minimum Building Footprint Area (in map units)" type="Required" direction="Input" datatype="Long" expression="shapearea"><dialogReference>&lt;DIV STYLE="text-align:Left;"&gt;&lt;DIV&gt;&lt;P&gt;&lt;SPAN&gt;The minumum size of the polygon to be considered a building footprint.  The units are in square values of the distance units.  For example, a value of 32 for a data set measured in meters will filter out polygons smaller than 32 square meters.&lt;/SPAN&gt;&lt;/P&gt;&lt;/DIV&gt;&lt;/DIV&gt;</dialogReference></param></parameters></tool><dataIdInfo><idCitation><resTitle>NDVI Building Filter</resTitle></idCitation></dataIdInfo><distInfo><distributor><distorFormat><formatName>ArcToolbox Tool</formatName></distorFormat></distributor></distInfo><mdHrLv><ScopeCd value="005"></ScopeCd></mdHrLv><mdDateSt Sync="TRUE">20180731</mdDateSt></metadata>
